nombre,telefono,whatsapp,email,sitio_web,fuente,titulo
Clínica Odontológica Medellín,312 493 3805 / 312 459 0183 / 301 730 4169,+573124933805,info@dentisalud.com.co,https://www.dentisalud.com.co/clinica-odontologica/medellin/,https://www.dentisalud.com.co/clinica-odontologica/medellin/,Clínica Odontológica Medellín | Dentisalud
"Clínica odontológica en Medellín, expertos en estética dental",312 709 3687 / 031172268 / 333958304,+573127093687,info@oralstudio.com.co,https://oralstudio.com.co/,https://oralstudio.com.co/,Clínica Odontológica en Medellín | OralStudio
Las 5 Mejores Clínicas Odontológicas en Medellín (2026),322 477 6418 / 151029151 / 316111317,+573224776418,gerencia@clinicaviena.com.co,https://clinicaviena.com/mejores-clinicas-odontologicas-en-medellin/,https://clinicaviena.com/mejores-clinicas-odontologicas-en-medellin/,Las 5 Mejores Clínicas Odontológicas en Medellín (2026)
Las 5 Mejores Clínicas Odontológicas en Medellín (2026),322 477 6418 / 151029151 / 316111317,+573224776418,gerencia@clinicaviena.com.co,https://clinicaviena.com/mejores-clinicas-odontologicas-en-medellin/#Las_5_mejores_clinicas_odontologicas_en_Medellin_2026,https://clinicaviena.com/mejores-clinicas-odontologicas-en-medellin/#Las_5_mejores_clinicas_odontologicas_en_Medellin_2026,Las 5 Mejores Clínicas Odontológicas en Medellín (2026)
Las 5 Mejores Clínicas Odontológicas en Medellín (2026),322 477 6418 / 151029151 / 316111317,+573224776418,gerencia@clinicaviena.com.co,https://clinicaviena.com/mejores-clinicas-odontologicas-en-medellin/#Tabla_comparativa_de_clinicas_odontologicas_en_Medellin,https://clinicaviena.com/mejores-clinicas-odontologicas-en-medellin/#Tabla_comparativa_de_clinicas_odontologicas_en_Medellin,Las 5 Mejores Clínicas Odontológicas en Medellín (2026)
"La Mejor Clínica Odontológica en Medellín, Colombia",317 698 0927 / 310 410 9194 / 412132305,+573104109194,mercadeo@sanadentodontologos.com.co,https://sanadentodontologos.com.co/,https://sanadentodontologos.com.co/,Clínica Odontológica en Medellín ✔️ Sanadent Odontólogos
Dra. Vanessa Usuga Gomez,314 626 3761 / 315 626 2526 / 93104097,+573146263761,soporte@doctoralia.com,https://www.doctoralia.co/vanessa-usuga-gomez-2/odontologo/medellin,https://www.doctoralia.co/vanessa-usuga-gomez-2/odontologo/medellin,"Dra. Vanessa Usuga Gomez Odontóloga, Medellín - Agenda cita | Doctoralia.co"
Odontología Estética y Funcional Medellín,311 706 7507,+573117067507,odontologiaefmc@gmail.com,https://odontologiaefmc.com/,https://odontologiaefmc.com/,Odontología Estética y Funcional Medellín
Clinica Dental en Medellin – Dental Home Clinica Odontologica,310 416 3897 / 310 419 4654,+573104163897,info@clinicadentalhome.net,https://clinicadentalhome.com/,https://clinicadentalhome.com/,Clinica Dental Home Medellín - Diseño de Sonrisa
Odontología Integral y Ortodoncia Avanzada en Medellín,310 344 7688 / 771728003 / 604 604 2204,+573103447688,calidad@centrolab.com.co,https://www.centrolab.com.co/odontologia,https://www.centrolab.com.co/odontologia,Odontología en Medellín | Centrolab: Cuidado Dental Integral para Toda la Familia
"Clínica Ártica, Hacemos que en todo momento, tengas una excusa para sonreír",321 642 3818 / 487709306 / 694626712,+573216423818,info@clinicaartica.com,https://clinicaartica.com/,https://clinicaartica.com/,Clínica Ártica - Odontología Especializada Medellín
Clínicas Dentales en la ciudad de Medellín con Odontólogos especializados en Ort,323 465 0026 / 310 419 4654 / 350 703 3580,+573234650026,info@topdoctors.com.co,https://www.topdoctors.com.co/medellin-ciudad/clinica-dental/odontologia-y-ortodoncia/tratamiento-ortodoncia/,https://www.topdoctors.com.co/medellin-ciudad/clinica-dental/odontologia-y-ortodoncia/tratamiento-ortodoncia/,Clínicas Dentales en la ciudad de Medellín con Odontólogos especializados en Ortodoncia | Top Doctor
Horario de Atención:,316 690 0299 / 170245158,+573166900299,,https://www.clinicacolombianadeimplantes.com/,https://www.clinicacolombianadeimplantes.com/,Clinica Colombiana de Implantes Dentales | Implantes dentales Medellin
Clínica Odontológica en Medellín – OdontoSur,312 672 4312 / 604 444 5959,+57312672,mercadeo@odontosur.com.co,https://odontosur.com.co/,https://odontosur.com.co/,Clínica Odontológica en Medellín – OdontoSur
CLÍNICA ODONTOLÓGICA MEDELLÍN,321 830 6054 / 310 739 2208 / 300 797 8557,+573218306054,,https://promta.com.co/,https://promta.com.co/,Clínica Odontológica Medellín | Promta
Odontología Estética en Medellín | Clínica Unilaser,301 279 2874 / 333958304 / 583958554,+573012792874,carlos@delaossa.co,https://clinicaunilaser.com/,https://clinicaunilaser.com/,Odontología Estética en Medellín | Clínica Unilaser
Implantes Dentales Medellin | ODONTOSS | Protesis Dentales Medellin | Odontologos Medellin | Clinica,312 228 4241 / 900164325,+573122284241,gerencia@odontoss.com,https://www.odontoss.com/,https://www.odontoss.com/,Implantes Dentales Medellin | ODONTOSS | Protesis Dentales Medellin | Odontologos Medellin | Clinica
Clínica Odontológica en Medellín,310 643 1729 / 151029151,+573106431729,premiumdentalmedellin@gmail.com,https://premiumdentalmedellin.com/,https://premiumdentalmedellin.com/,Clínica odontológica enMedellín | Premium Dental
"TRATAMIENTOS

ODONTOLÓGICOS EN MEDELLÍN",317 441 4669 / 604 444 8911,+573174414669,info@dentioral.com,https://dentioral.com/,https://dentioral.com/,Implantes Dentales y Diseño de Sonrisa en Medellín
Clínica odontológica Medellín,300 242 5958 / 369 260 9439 / 604 444 6685,+573002425958,bg-vertical-tabs@2x.png,https://marrdental.com/,https://marrdental.com/,Clínica odontológica Medellín | Clínica dental Medellín #1
Las Mejores Clínicas Odontológicas en Medellín,323 308 3681 / 982132708 / 922195725,+573233083681,,https://ortoclin.co/las-mejores-clinicas-odontologicas-en-medellin/,https://ortoclin.co/las-mejores-clinicas-odontologicas-en-medellin/,Mejores Clínicas Odontológicas en Medellín: Cuidate con Ortoclin
Centro Odontológico Odontoespecialistas,313 759 1236 / 604 444 0628 / 44440628,+573137591236,gerencia@odontoespecialistas.com,https://www.odontoespecialistas.com/,https://www.odontoespecialistas.com/,"Diseño de sonrisa, blanqueamiento dental, odontologia en Medellín - Odontoespecialistas"
Clínicas Odontológicas Sonría | El Poder de Sonreír,310 245 2988 / 601 314 4313,+573102452988,notificaciones@sonria.com.co,https://sonria.com.co/,https://sonria.com.co/,Clínicas Odontológicas Sonría | El Poder de Sonreír
Mejores clínicas odontológicas en Medellín: ¿Dónde encontrar el cuidado dental i,311 357 9782 / 982132708 / 922195725,+573113579782,,https://clinicafresh.com/mejores-clinicas-odontologicas-en-medellin/,https://clinicafresh.com/mejores-clinicas-odontologicas-en-medellin/,Mejores clínicas odontológicas en Medellín: ¿Dónde encontrar el cuidado dental ideal? – Clinica fres
Clínica de alta calidad a precios razonables,310 524 7254 / 329423445 / 829645905,+573105247254,,https://www.dentali.com.co/,https://www.dentali.com.co/,"Dentali odontología, Clínica dental en Medellín de alta calidad"
Dental Center – Odontología general y especializada en Medellín,322 650 6954 / 247247563 / 211278338,+573226506954,pacientesdc@gmail.com,https://dentalcenter.com.co/,https://dentalcenter.com.co/,Dental Center – Odontología general y especializada en Medellín
ORALFLEX | Odontólogos en Medellín | Protesis dentales Medellin | Diseño de Sonrisas Medellin | Reha,318 376 2478,+573183762478,info@oralflex.com.co,https://www.oralflex.com.co/,https://www.oralflex.com.co/,ORALFLEX | Odontólogos en Medellín | Protesis dentales Medellin | Diseño de Sonrisas Medellin | Reha
Localiza tu Clínica Dental Dentix,300 700 2463,+573007002463,,https://www.clinicasdentix.com/buscar-clinica-dental,https://www.clinicasdentix.com/buscar-clinica-dental,Red de centros de salud | Clinicas Dentales Dentix Colombia
